0.008957613,0.002142866,0.006415546,0.00126301,-0.002032751,-0.005123447,-0.023643686,-0.021102939,0.013045824,0.000425605,-0.009548511,-0.005547839,0.021914887,-0.002046896,-0.000969561,-0.008687846,0.01404212,0.016420072,0.011118476,-0.001193893,0.003298584,0.021484189,-0.019673406,0.004801538,-0.027461231,0.031884341,0.004073402,0.007261571,-0.018627865,-0.015267582,0.00684611,-0.021804232,-0.025353545,-0.024668359,0.00020156,-0.008527576,-0.020737712,0.027938017,-0.037092235,-0.003511872,0.011840278,-0.010259183,0.038363934,0.069174207,-0.013440706,-0.01299082,0.060544146,0.007993032,-0.039004284,0.04683712,-0.046199924,0.193487231,0.050317194,-0.07324264,0.046726646,-0.160938615,0.012562073,-0.069129485,-0.102781262,0.006533894,-0.251938424,0.040371741,0.903297353,0.051524833,-0.000529044,-0.023120272,-0.000116388,0.003729149
0.215220714,0.014599808,-0.058223259,0.129726716,0.046420983,-0.199230682,-0.224812978,-0.28779821,0.045974446,0.163996781,-0.179151505,0.063991533,0.187760544,-0.180382896,0.176610155,-0.190330957,0.053295473,0.223887743,-0.046241408,-0.085611392,-0.083220905,-0.035196665,0.272607576,-0.095311355,-0.120201518,-0.281504659,-0.095694815,0.21636031,0.083640825,-0.081476242,0.294306452,-0.043965072,-0.160405709,-0.094795895,0.022870085,-0.039508909,-0.058201392,-0.052136869,0.248788377,0.046125803,-0.123111023,-0.064872109,-0.046814187,0.071644768,-0.030048697,-0.054527159,0.00031086,0.063637026,-0.01980926,-0.031085269,-0.012059972,-0.017698401,-0.071247915,-0.015967841,0.015677128,0.008281063,0.010111007,-0.017917506,0.039566079,-0.004246886,-0.000569713,0.024926618,-0.011491695,0.001836803,0.000262644,0.002886236,-0.000889121,-0.000104578
-0.064498314,0.101829276,-0.105043727,-0.054916041,0.058164834,0.174077202,0.131738712,0.07575503,-0.124222309,-0.104390752,-0.020649634,0.028586433,-0.247980193,0.024533384,-0.136835022,0.019671694,-0.300823756,-0.178406896,0.014829543,0.027991469,-0.013789248,-0.304128499,0.276500778,-0.095627485,0.085746093,-0.133412951,-0.141611765,0.176861734,-0.100881904,0.221281892,0.161038449,0.47426626,-0.039410789,0.126398241,-0.012740086,0.025052103,-0.105710597,0.037597134,0.252365164,-0.024945147,-0.053928702,-0.008869806,-0.015254372,0.061197996,-0.024071706,-0.014943999,-0.022930676,0.068947481,-0.029472199,-0.037494534,-0.019259515,0.018910682,0.027930104,0.030271123,0.006492499,0.0146914,0.02655382,-0.005856462,0.004701398,0.000853492,0.000856899,0.008555772,0.060309097,-0.005641583,0.005303318,-0.002503852,0.000209593,-0.000401673
0.011120597,0.207338871,-0.141149119,0.074776963,-0.05293842,0.006990289,0.021614704,-0.079659949,0.084013736,0.031935642,-0.080334815,0.096204732,0.03072212,-0.093650193,-0.036815806,0.179995081,0.210818263,-0.120008497,0.038811991,-0.230427601,-0.031790026,0.008291457,0.043011678,0.177675792,0.00643676,-0.131072193,0.12602449,0.096698635,0.018644696,-0.051022016,-0.308531507,0.210860366,0.239573673,-0.121478188,-0.062929537,-0.208612353,0.233253878,0.355483079,0.02074794,0.047248645,-0.136461177,-0.355902867,-0.18353015,-0.0160624,0.044783758,0.06836333,0.017616842,0.094109603,-0.015526053,-0.00667899,0.071494585,-0.02036749,0.076829226,0.004285639,0.071030206,0.041506848,0.046145372,0.011404975,0.030188625,-0.002522886,0.017330713,0.016723376,0.02588532,-0.016609148,-0.00580906,-0.007828184,-0.00026375,-0.000951608
-0.022477571,0.077129391,-0.127269163,0.000841365,0.019084069,0.002695409,0.045200077,-0.007611238,-0.033700188,-0.016630857,0.06915079,0.015780829,0.017768085,0.021840301,0.043851031,-0.039280157,-0.06443292,0.004260356,-0.038755003,-0.003051282,0.03277281,-0.023325686,0.001791882,0.003040746,0.022937757,-0.011164863,-0.044305951,-0.033376632,-0.030278407,0.031340314,0.042931961,-0.080785236,-0.053842234,-0.128497293,0.005563714,-0.06042407,0.019766886,0.023895002,0.149677135,0.026265618,0.092901649,-0.022105124,0.016273159,-0.058332552,0.461468316,0.333201888,-0.178357448,-0.436832275,0.157759382,-0.368557358,0.168402443,0.108228057,-0.057327323,-0.164802904,0.230649246,0.045789856,-0.16741946,-0.008931458,-0.02900555,-0.106888621,-0.086386679,0.041197954,0.003776206,0.011925313,0.00804213,0.000817201,-0.000746555,-0.005081878
0.138900694,-0.434339659,0.664485838,-0.149310273,0.063635216,-0.042261547,-0.077885541,-0.018824887,-0.028204356,-0.024582261,-0.246538826,0.044820795,-0.168455083,-0.052373492,0.028981358,0.115873885,0.107577013,-0.204925248,-0.05186277,0.096713057,-0.12999602,-0.05510773,0.196660063,0.034411871,0.085205776,-0.001630507,0.038481599,0.055078374,0.084188834,-0.034209602,-0.060865158,0.017169196,0.085413699,-0.00790382,-0.079787221,0.010320837,0.004607651,0.075850437,0.046917195,-0.004882803,0.007039035,-0.043137986,-0.028647481,0.01376028,0.103804024,0.040957792,-0.047130231,-0.052798623,0.019527547,-0.076195789,0.030309714,0.045596473,-0.006634554,-0.029912391,0.051448228,0.01930825,-0.013893059,-0.005197297,0.011691289,-0.025343253,-0.022490439,0.006707965,0.005821321,0.00159814,0.001749567,0.00099098,-0.000154405,-0.001337074
0.099337662,-0.068907922,0.113940351,-0.017917981,0.037164049,-0.070064923,-0.109243185,-0.146385462,-0.185765262,-0.066414957,-0.065073986,-0.0882483,-0.039763632,-0.066450654,0.045864201,-0.25545669,-0.015342107,0.349705327,-0.129867365,-0.296189072,0.492715858,-0.166911897,-0.186182356,0.029600536,-0.005585756,0.189630488,0.154046265,0.074685668,-0.01246016,0.066998288,-0.060617731,0.312932853,0.209241653,0.03784538,-0.078285401,0.093415896,0.048238321,0.045079751,0.024444144,-0.011111272,0.096492968,0.114073693,0.013177887,-0.002368413,0.082859648,0.017447541,0.0206409,-0.023115466,0.03670418,0.040398334,-0.008821333,0.018093277,0.033956085,0.04588423,0.005498512,0.004074365,0.001891867,-0.019142355,-0.009423558,-0.003261564,0.017225088,0.000296457,-0.006413675,-0.000410127,0.003032746,-0.00108681,-0.000136776,0.000440424
0.014670062,-0.139335888,0.076220467,-0.133137758,0.101437934,-0.033600838,0.093166333,0.033676636,-0.186991126,-0.139622965,0.153868168,-0.047169292,-0.048063974,0.030104542,0.118040241,-0.164057322,-0.208695581,-0.049676109,-0.10399517,-0.126207801,0.231745448,-0.045319159,-0.011632269,-0.120709541,0.174503224,-0.087030714,-0.018287352,-0.243207367,-0.117618434,0.177193555,-0.002231253,-0.29564046,-0.118997015,-0.351403513,0.066011475,-0.236004915,0.109497158,0.027230456,0.070741413,-0.076997169,-0.18470307,-0.329447502,-0.097595415,0.027477893,-0.154736736,-0.066242225,0.011524046,0.125096637,-0.073702767,-0.02739683,0.067566295,-0.060360802,0.000425863,-0.049994649,-0.024760182,-0.016448623,0.02271246,0.012629646,0.017939983,0.016184365,0.007241172,-0.002982897,0.015331311,-0.005575102,-0.005012435,-0.000611397,-0.00085056,-0.000101882
0.002294566,0.005418182,-0.003247985,-0.013454033,0.016539678,0.002382464,0.014409901,-0.020933448,-0.031494737,0.004592523,0.019706462,0.044181171,-0.007057767,0.009296922,0.034640835,-0.030664911,0.012831587,-0.028725312,-0.01460302,-0.010605631,-0.023392085,-0.02877047,-0.008436409,0.013061264,-0.005178398,0.016090217,0.007434673,-0.035565278,0.006475343,0.000398778,-0.022886292,-0.012539237,-0.001418479,-0.024815378,0.031907886,-0.007683499,0.035496876,-0.039474838,0.016560082,-0.012082595,-0.012353439,0.034449496,-0.038433692,-0.076441886,-0.02138815,0.11265586,-0.175193869,-0.208547267,0.001548417,-0.057128575,-0.202900903,-0.096141204,-0.251285747,0.328045327,0.191843432,0.071002343,0.545079848,0.063379885,0.222480416,0.491849322,-0.066558755,-0.120675793,0.089816986,-0.028767291,-5.52E-05,-0.016691252,0.003557855,-0.005307601
-0.163499648,-0.091052562,0.242617151,0.485547583,-0.357802807,-0.130481378,0.058161988,0.285002757,0.13341463,-0.083601109,0.104073649,-0.308326658,0.266491181,-0.245097546,-0.06148186,0.204904039,-0.117967091,0.024092089,-0.06315144,-0.105272958,0.11533425,-0.079479081,-0.009513121,-0.110519634,0.106552155,-0.137587223,-0.118231701,0.104879813,-0.061304467,0.015828447,0.035047836,0.010519772,0.012648106,-0.031839563,-0.016643054,0.033571367,-0.031523184,0.013996376,0.001146546,-0.026118276,-0.010601902,0.00266942,-0.025032251,-0.008142519,0.032552559,0.018077598,-0.005371943,-0.012736907,0.006931428,-0.016620026,-0.000408452,-0.000648409,-0.001629577,0.017138342,0.027916669,-0.000171892,0.034109528,0.01022837,0.016438401,0.031638462,-0.003988236,-0.008922296,0.013140239,-0.001022601,-0.00205964,-0.00171575,0.000317138,-0.000706236
0.005959384,-0.02250775,-0.025047967,0.163580911,-0.085195045,-0.152639018,-0.071654144,0.047524033,-0.056525368,0.031487237,0.081902412,0.172888486,0.219268444,-0.028685202,0.386171588,-0.055413164,0.246174081,-0.233479555,0.025150286,0.219794457,-0.140895926,-0.361054526,-0.118306581,0.052649683,0.000710518,0.39417718,0.136376195,-0.039942288,-0.266766575,0.21636553,0.119157188,0.153321989,-0.072786804,-0.02781195,0.031630704,-0.09498147,0.031424794,-0.01588028,0.067581106,0.020529104,0.014992439,-0.031333312,-0.023125546,0.027776265,-0.013803515,-0.005829968,0.008790219,0.039039577,-0.012616655,0.004781647,0.006392563,-0.006784884,0.01940845,-0.005330598,-0.03403967,-0.011171204,-0.019640959,0.002868926,-0.012996427,-0.009686593,0.023235068,0.005892756,-0.009068674,-0.003531883,0.000203184,-0.000455248,-0.000477305,0.000617386
-0.086065658,0.014741385,-0.133547416,0.125554832,-0.03497825,-0.09493272,0.064183891,0.049776769,-0.179308771,0.131142858,0.162944375,0.099873524,0.014038425,0.121097975,0.209059943,-0.083542825,-0.055312792,-0.02197832,-0.296606775,0.344753272,0.099949507,-0.219706409,0.140779345,0.132160531,0.182916929,-0.1499666,-0.031653431,-0.010482944,0.477307506,-0.121509171,-0.065898261,-0.087590887,0.304182449,0.017978825,-0.137234176,0.123688903,0.016645387,0.026266654,-0.060608182,-0.148451631,-0.018593281,-0.031341869,0.039918561,0.026295476,0.033691826,-0.038345233,0.019937388,0.034018216,0.001723382,0.063224492,-0.027788063,0.057116599,-0.030655199,-0.006717299,0.003320823,0.001769841,0.014541918,-0.006590757,0.000182813,-0.034568564,-0.026882752,0.002830265,0.015185098,0.006574694,0.003054133,0.002467362,-0.000744137,-0.001194723
0.001005608,0.002105377,-0.00144032,0.002296288,0.000323843,0.003768713,-0.001460232,-0.00565578,0.001746694,-0.001323047,0.003804955,0.001269187,0.005521492,-0.003138086,-0.004233013,0.000191494,0.005443431,-0.004454813,0.00507778,-0.00858361,0.003839714,0.001422566,0.009306051,-0.003389889,0.001055529,0.004494302,0.00139234,-0.000882153,-0.002711114,0.008164505,0.001673362,-0.004337003,-0.006114274,0.001038116,0.000369665,0.0060517,0.007586619,0.017199089,-0.003515444,-0.01037714,0.006249875,8.52E-05,-0.023423332,-0.014043831,-0.007433149,0.017059344,-0.031068306,-0.001989633,-0.006986905,0.027988197,-0.0044342,0.007853337,-0.004515936,0.003189081,-0.009937062,-0.01442865,0.033079506,0.048891237,0.025770282,-0.051540835,-0.015524766,-0.048827802,0.017531947,0.110115194,0.536179301,0.82057084,-0.113337283,-0.006554116
0.017275367,-0.000492502,-0.015348013,-0.012470366,0.005955898,-0.009473745,0.058770761,-0.04951679,0.08961974,0.000212043,0.036909944,-0.053923098,-0.021027016,-0.037459745,0.03745888,0.006747901,0.011393607,-0.020225586,-0.042359783,0.01998192,0.04468645,0.050424144,0.063027093,0.083916765,0.028889152,0.040300578,0.036155959,-0.008830756,0.016270406,-0.000684918,0.089079446,0.080056222,-0.075274077,-0.048774203,0.09409888,-0.033434935,0.045154428,0.278892021,-0.136153358,-0.121356997,-0.294003019,0.370393066,-0.136842526,0.105352044,0.009877365,-0.12031702,-0.167382738,-0.143828139,-0.287838449,0.047076762,0.436796012,0.052770518,-0.232097667,0.136874577,-0.158553912,-0.024490824,-0.006040101,-0.075689051,-0.153304212,-0.028662737,-0.212306007,-0.192547393,-0.051378396,0.022807083,-0.003981677,-0.026559415,0.001857595,-0.00148203
0.014402498,0.021104502,-0.025905216,0.017223513,0.021264286,-0.017532891,-0.007576109,-0.068972593,0.06858407,0.055288255,-0.041602721,-0.047980354,-0.027754707,0.014128591,-0.014263202,0.081101189,-0.030999687,0.006397888,-0.013578905,0.040515146,-0.019243739,0.013751519,0.051941211,-0.02004831,-0.05844533,0.030478985,-0.061842287,-0.063530778,-0.115587411,0.041338511,0.00879096,-0.050208738,0.035485849,-0.182917075,-0.046549277,0.123784221,0.111700809,0.153390226,0.0290074,-0.209888716,0.07549591,0.022850932,0.232046759,0.367447711,0.095256057,-0.007028024,-0.265722426,0.154692222,0.342256949,0.130802397,0.076940038,-0.000443767,0.091967901,0.00119063,-0.052566886,-0.020231879,0.014871532,-0.251328462,-0.268672895,0.386987118,0.137955513,0.207291643,-0.04675483,-0.021408111,0.049297686,0.028160416,0.005434128,0.003965309
0.009762154,0.030184095,-0.017092367,0.009331985,0.002357615,0.024404091,-0.034072019,-0.041652279,-0.008732812,-0.00019695,-0.027068234,-0.002945687,0.03437643,0.020638452,-0.028429894,0.044143054,0.033721276,0.007838529,-0.017521305,0.078979681,0.073913997,0.015814126,0.094137846,-0.054685326,-0.034851589,0.048665904,-0.058305038,0.017503346,-0.024425638,0.059786441,-0.001420504,-0.173105382,-0.0551316,0.006895376,-0.040746604,0.166875351,0.079528162,0.159464775,0.264554938,-0.097585316,0.267102978,-0.023023764,-0.234379395,-0.225901845,-0.038255703,0.143881167,-0.339021441,0.018932225,0.138713506,0.229725238,0.007508808,-0.133481062,0.280203488,0.101876857,-0.225406547,-0.195386856,0.108590444,0.113334801,0.017298722,-0.229121579,-0.108895814,-0.313879062,0.031763362,0.023985922,-0.051367292,-0.065071501,0.002266396,0.000639942
-0.064214753,-0.016464691,-0.046180139,-0.002685527,0.052737564,-0.122812676,-0.022037624,0.006223101,0.030430637,0.077457043,-0.026028507,-0.018500952,-0.075141287,0.087178618,-0.186158483,-0.02134148,0.149550951,-0.025748842,0.056292007,-0.015881375,0.019122251,-0.061399546,0.057299601,-0.069728101,0.016548502,0.118605183,-0.154472483,0.141039843,-0.000289865,0.078026088,0.018644924,-0.026278325,0.160912014,-0.248397238,-0.01423892,-0.102741954,-0.238411672,-0.158011725,-0.0424353,-0.036441374,0.067442297,-0.024564484,0.069686561,-0.011451344,0.093959617,-0.061498376,0.093020303,0.016307663,0.016011882,0.317505672,0.396002536,-0.083585937,-0.059326791,0.073147762,0.339060572,-0.235798063,0.013217434,0.385830483,0.008455083,0.024622245,0.070631419,0.013475676,0.004990344,-0.017289381,-0.018225775,-0.003068453,0.002156486,-0.001919076
0.023924797,0.0514671,0.060871708,-0.109609938,0.045223635,0.026196283,0.01585424,0.191072192,-0.203569974,-0.212698247,-0.130870918,0.161383632,0.135887379,-0.045535313,0.305859845,0.110653587,-0.011929057,0.147998276,0.017294945,-0.034752509,-0.197794553,0.081551191,-0.261844278,0.106161175,-0.084107998,-0.306105195,-0.342377611,-0.14915422,0.012319911,-0.015447322,-0.127030532,0.28793226,-0.070430802,-0.214566088,-0.156711093,0.064271216,0.050896275,-0.145534953,-0.004621729,-0.099089779,0.155542741,0.113252018,-0.096605765,0.028085847,-0.010780453,-0.001946936,0.011882762,-0.008453673,-0.026948946,0.111623722,0.1072297,-0.044731827,-0.03073238,-0.018188851,0.007169557,-0.030329272,-0.042409538,0.032400814,0.008741425,0.017765721,-0.04357805,-0.037935533,0.00718856,0.013996119,0.003504692,-0.001628706,0.000222131,-0.000803501
0.386130792,-0.003209543,-0.004139386,-0.111966848,-0.117167167,0.136842042,0.20793348,-0.092371608,0.215729734,-0.09813962,0.007160479,0.378562365,0.156715181,-0.065533927,0.073127251,0.305598864,-0.027183656,-0.149248466,-0.004032517,0.009458866,0.412529202,-0.040049067,-0.158261352,-0.001164674,0.030920865,-0.066940215,0.036618212,0.156573749,0.158773098,0.072003564,0.063249013,-0.027902237,-0.197309862,0.037508904,0.098700164,0.085849621,-0.124329814,-0.031323533,-0.0783234,-0.080108748,-0.051650706,-0.053314349,0.163890152,-0.028699873,0.014231576,0.005933144,-0.01087249,0.008581822,0.068731812,0.03181739,0.012912286,-0.004783964,-0.007235214,0.008096347,0.046512953,-0.062729539,0.008989366,0.077748165,0.001737785,-0.000816478,0.040172066,0.022470268,-0.002670615,-0.00978109,-0.003690621,-0.001523864,0.000663289,-0.000646383
-0.024807509,0.013507324,0.088992934,0.015761325,-0.017313479,0.13334267,-0.04034027,0.012660279,-0.119678933,-0.023620449,0.075730529,-0.079016737,0.042408314,-0.063399472,0.161100496,-0.090671886,-0.133849836,0.088975971,-0.022575594,-0.020076979,-0.136705175,-0.002462023,0.020705409,0.169860754,-0.01213829,-0.111991952,0.159442074,-0.142308423,-0.037137033,-0.049565829,-0.001672146,-0.050655444,-0.250486457,0.38120775,-0.005850937,0.169211824,0.175274291,0.252894008,0.052184179,0.112232835,-0.081563311,-0.072981374,0.194021266,-0.064384795,0.027091067,-0.062485918,0.08224449,0.078235051,0.128669503,-0.017289735,0.243953937,-0.033454502,-0.007525118,0.150176578,0.238629017,-0.206090846,0.021001894,0.319421732,-0.102687304,0.015942861,0.173533008,0.034428567,0.045914523,-0.022245875,-0.009866308,0.00405741,0.002620425,0.000744138
-0.010476409,-0.007211875,0.019221211,-0.016378157,0.006153334,0.024948856,-0.004853623,0.026837289,-0.031692198,0.003558234,0.005802776,-0.009206336,0.008278461,0.032748508,0.005330004,-0.013277634,0.004966911,0.064035634,0.082479617,0.0104015,-0.033475139,-0.059356171,-0.027599309,0.040030573,-0.040403147,-0.00392116,-0.033512394,0.025114394,0.034209545,0.008368338,0.052995885,-0.016139546,-0.009549402,0.011647289,-0.036258017,0.018009435,-0.08147807,0.013999124,-0.011924687,0.049662538,-0.112921269,-0.088148412,0.21475742,-0.202850083,0.382259659,-0.178198668,0.217871829,0.041180982,-0.045789881,-0.095854257,0.228475595,-0.199326362,0.36528557,-0.166207677,-0.304317177,-0.027724181,0.203227064,-0.084038193,0.18188988,0.278657225,-0.317213406,-0.043096028,-0.052594812,0.014861448,0.034520695,0.002216766,0.001819151,-0.000725934
-0.305908592,-0.023850146,0.011806798,-0.236691944,0.244423151,-0.214547833,0.065090259,-0.264495378,-0.280092378,0.144820553,0.016812869,-0.24067108,0.358547718,-0.150247874,-0.232726043,0.092784995,0.133230192,-0.287422346,0.087163391,0.091279993,0.154923577,-0.094928658,-0.142981075,0.105158297,-0.041454568,-0.230107539,0.049226599,0.059378368,0.0285372,0.043227594,-0.056180683,0.036519543,-0.170195445,0.045584669,0.024263312,0.067438153,0.025730554,-0.075468107,0.017744449,-0.025582804,-0.013835061,0.050086035,0.024307365,0.013955378,0.014352914,0.015799336,-0.00617812,-0.003036164,-0.00329122,0.007422362,-0.013545321,0.011983722,0.00829604,0.001776601,-0.010106768,0.021596314,-0.013742587,-0.022773899,-0.006327922,0.0086564,0.001436648,0.014049098,-0.000963546,0.00531402,0.003012713,-0.001509779,8.32E-05,-0.00090167
0.13696148,-0.11979451,-0.028620364,0.136149365,-0.033966107,-0.03405689,0.130275135,0.079008791,0.050683374,-0.264036412,-0.167355029,-0.153600001,0.053950024,0.436627805,-0.169692435,-0.257840668,0.176621801,0.07668636,0.268783103,-0.03985468,-0.076263368,-0.297608107,-0.106697298,0.300405671,0.0621771,-0.164676879,0.060521467,0.02909091,0.029957662,-0.161065869,0.053695816,-0.005644361,-0.129625385,-0.047805037,0.088016586,0.030352834,-0.13042317,0.05631738,-0.057959461,-0.18235283,-0.085729776,-0.074196684,-0.003141578,0.002715425,-0.055295456,0.071922293,-0.128922423,0.015364508,0.078370683,-0.032046503,-0.051945397,0.01891023,-0.002035127,-0.007770982,-0.02028149,-0.014127859,0.002045082,-0.015775629,0.001285788,-0.052927792,0.023664866,-0.004819181,-0.002839844,-0.005465233,-0.00097358,-0.00559367,-4.75E-05,-0.000161317
-0.109257168,-0.051030882,-0.000453217,-0.082569149,0.052253683,-0.15045413,0.046926717,0.090887126,-0.008061682,-0.078086069,-0.032793122,0.019076319,-0.032230811,0.063637211,-0.086498407,-0.022192472,0.066276969,0.12598342,0.069258428,0.151189769,0.018608047,0.055190574,-0.147253147,-0.126683106,0.009425231,0.23901332,-0.364712658,0.280480852,0.229593555,0.062644985,0.233171411,0.066289667,-0.141126945,-0.115351554,-0.126598847,0.076551318,0.386954652,0.264624447,-0.154559104,0.242173556,-0.162481356,-0.116953816,0.097208805,-0.061988888,-0.069863531,0.061451968,0.017909957,-0.003466112,0.043893224,-0.066672347,-0.09808011,-0.010343943,-0.036878453,0.007842994,0.005150481,0.01894042,-0.01320966,0.039487084,-0.039024985,-0.010220439,0.075922551,-0.042248613,0.012387733,0.003575871,0.004026351,-0.005754003,0.00058242,0.001433556
0.029383377,-0.016347414,-0.014653803,0.07316486,-0.028545789,-0.067388839,0.029445105,0.033457204,0.015707522,-0.037133086,-0.073409379,0.001942098,-0.065871541,-0.012873412,-0.012780411,-0.11424793,-0.027433173,-0.101181884,-0.035752569,0.109801303,0.073077282,0.107378832,-0.013411708,0.085555125,-0.196172009,-0.090419915,-0.0151816,-0.003244308,-0.061862837,0.114025105,-0.026773865,0.013195388,0.020263303,0.01165986,-0.059957242,-0.005576266,-0.006763565,-0.069926477,-0.064032842,0.067644088,-0.009230199,-0.026621619,0.023807039,-0.016688198,0.167470196,-0.082369103,0.015313483,-0.056746368,-0.12499908,-0.016078516,0.033610534,-0.155038603,-0.068884772,-0.183627975,0.080710874,-0.203190964,0.463396114,-0.366419409,-0.157307529,-0.295235786,0.426708837,-0.130347664,0.053002328,-0.001066386,-0.005751318,-0.00113008,-0.004804751,0.005798694
-0.148241219,0.067321472,0.070718114,-0.242278734,0.106672733,0.272631402,0.043811954,-0.130398285,0.044058817,-0.085505171,0.045193169,-0.083872341,0.380925552,0.170898735,0.059359879,0.249968951,0.075086824,0.308955452,-0.176778716,-0.152893811,-0.238761312,-0.163173184,0.096076516,-0.161199117,0.323566406,0.176278266,0.029028445,0.068498897,0.067285951,-0.031670815,0.023477704,-0.002342671,0.040348632,0.001332524,0.057124595,-0.056530381,-0.089469119,0.001519958,-0.001248231,-0.031551228,-0.009061916,-0.01463691,-0.002287845,0.038626181,0.023102876,-0.02047709,0.017209045,-0.020278522,-0.015075036,-0.017369891,0.005465204,-0.056373068,-0.017677467,-0.060072363,0.02975637,-0.060853978,0.171237391,-0.149008071,-0.056138287,-0.109104096,0.152205146,-0.041626192,0.016217889,-0.000436057,-0.003441923,-0.001399767,-0.001920387,0.001383142
0.094472332,-0.015699685,-0.012439613,-0.011566088,-0.048048157,-0.002591676,-0.216418654,0.091310206,-0.139260034,0.289176217,0.264502519,0.07364894,-0.236759005,-0.195667522,-0.009959112,0.121766059,-0.018717861,0.016743623,0.521046688,-0.197761151,-0.026684079,-0.219120736,-0.110822918,-0.048393108,0.296211502,0.019287764,-0.006917007,-0.047509165,0.19552595,-0.205555857,0.015153759,-0.024409056,-0.11632006,-0.061759239,0.002878042,0.014544314,0.079896375,-0.041498274,0.055545288,-0.041934827,0.052770996,0.068931025,-0.026316464,0.066341792,0.037263912,-0.008640163,-0.01830449,-0.018555988,-0.012508675,0.009175072,0.012404265,-0.022006755,-0.013866321,-0.020487601,-0.011186169,-0.081870592,0.107506334,-0.117976319,-0.049036442,-0.091260953,0.08897042,-0.034470225,0.010838493,-0.000274622,-0.005098859,-0.003063384,-0.001540971,0.0010364
0.13927886,-0.054091339,-0.050201689,0.108679916,-0.042733888,0.058139572,0.154092142,-0.134617128,0.125753118,-0.139821897,-0.034187496,-0.014151624,0.076641695,0.213184287,-0.057396788,-0.041984777,0.063771275,-0.091130067,0.114894208,-0.033337255,-0.017184288,-0.178301212,0.100274688,-0.280738323,0.050816437,-0.182090917,0.160178447,-0.071025643,0.065053135,0.148799851,-0.111356197,-0.105122453,0.017588053,-0.026042984,-0.203528895,0.052733785,0.465846646,-0.185787983,0.09694417,0.29051222,0.153581906,0.239790125,-0.020993125,0.080121766,0.097013036,-0.063388804,0.152926107,-0.042604727,-0.12800613,0.092708616,0.045101322,-0.001654984,-0.017984681,0.038812165,-0.006783514,-0.010348514,-0.048382715,0.008627372,-0.054401672,0.077937009,-0.037782552,-0.00951971,6.31E-06,0.013170719,0.001521426,0.003940491,-0.000227469,-7.61E-06
-0.015571878,0.009223901,-0.008309015,-0.011456449,0.021891904,-0.025509444,0.074204386,-0.079781019,0.134976609,-0.006571038,0.048217778,-0.049938836,-0.086644976,-0.058659542,0.043890118,-0.020982026,0.040984791,-0.004234529,-0.036014404,-0.021903739,-0.013225374,-0.021786383,0.001676307,0.070255092,0.075142516,0.032605761,-0.056772395,-0.029149226,-0.041356267,-0.015990065,-0.048970184,0.019786082,-0.050524251,-0.027865295,-0.075989375,0.095225116,-0.015251212,-0.05283423,0.021388304,0.008731438,-0.05729865,-0.000582662,-0.003331016,-0.045847302,0.010960868,0.011438745,-0.026987993,0.044031544,-0.004860725,-0.005482972,-0.0166265,-0.027941476,-0.008850742,0.025321304,0.006881679,0.012559161,0.046407446,0.023377018,0.026973272,-0.017900273,0.026257041,0.148060845,-0.029209446,0.916420514,-0.149937899,-0.021355518,0.000433916,-0.058468356
0.014036421,0.030879676,-0.046050286,-0.062166808,0.000200837,0.042712335,-0.084772639,0.237695392,-0.023444357,0.016245835,-0.052480772,0.027314676,-0.019742425,0.074378197,-0.060454774,0.070351425,0.152952643,0.084160262,-0.108868212,0.140584849,0.206501294,-0.047644183,-0.092244195,0.116077686,0.073625058,0.05064353,-0.110535829,0.083699882,-0.116118957,-0.108987634,-0.2684396,-0.19220121,-0.144549391,0.054856486,-0.154261738,0.038993936,-0.229038734,0.076170465,0.361764741,0.355011388,-0.18444726,0.086692883,-0.175149068,0.373946607,0.032507706,-0.096124835,0.045213357,-0.059960766,0.009469867,-0.016681143,-0.018061994,-0.127985786,-0.012453135,0.03626444,-0.022743414,0.021910666,-0.013275542,-9.43E-06,0.030855509,0.035949606,0.011038203,0.037746719,0.022748877,-0.032580457,0.008205602,0.02050742,0.001075516,0.000721538
-0.047002401,0.023782378,-0.019883837,-0.025636992,0.061720307,-0.08428056,0.210003775,-0.257340398,0.382673596,-0.020368674,0.136209112,-0.15907625,-0.241546514,-0.173013286,0.135808669,-0.066115901,0.110150322,-0.005453568,-0.09712331,-0.040791365,-0.045585972,-0.048562461,0.016982855,0.18795364,0.214907214,0.083300632,-0.14760784,-0.089619795,-0.086992292,-0.032655961,-0.098195113,0.056974354,-0.16234388,-0.071867316,-0.168636374,0.314551675,-0.008749594,-0.13556416,0.046358416,-0.013831526,-0.10303445,0.028605131,-0.040036173,-0.16961601,-0.01602654,-0.001899539,0.004273123,0.110786942,0.006624896,0.046714326,-0.024482637,-0.038174263,0.025799718,-0.121089057,0.166651644,0.057012424,-0.065750596,-0.098949394,0.113918502,-0.00776672,-0.021377997,-0.058903822,0.036456153,-0.29095201,0.057825395,-1.43E-07,0.001073735,0.016000023
-0.031772401,0.021796509,-0.016477177,-0.003335017,-0.01525904,0.044740969,-0.023866569,0.034866397,0.030465077,-0.01327013,-0.073073432,-0.018106129,-0.039346931,-0.002953287,-0.089469781,0.05596215,0.034331373,0.13509341,0.015914467,0.114399448,0.041880559,-0.01465206,-0.133150115,0.005937989,-0.052069783,0.092342491,0.031627652,0.108435511,0.028513833,0.040005556,0.077624759,-0.121429193,-0.112428537,0.203689659,-0.132072497,0.084455951,0.08466065,-0.061340739,0.072016488,-0.221079444,0.366456166,-0.348491972,-0.128100358,0.11777045,0.020612196,-0.137259555,-0.075650645,0.200472414,-0.350116513,-0.138814896,0.276761186,0.173197499,-0.104702321,0.052780551,0.184002617,0.180687382,-0.004513143,-0.160917173,0.125144026,0.070758387,-0.046967485,-0.035129228,-0.024222324,0.029036186,-0.000517526,0.004555197,-0.000372665,-0.000687943
0.001005803,-0.000601728,-8.92E-05,-0.000446441,0.000283532,0.001207888,-0.001025073,0.000853073,-0.000298309,4.37E-05,0.001351178,0.000739908,0.002243663,-0.00105261,0.000230721,-0.003202106,-0.002264722,-0.00106504,0.001427855,0.000644314,-0.000372729,0.000601033,0.000968909,-0.001878201,0.00271144,-0.001348004,0.002677917,-0.001155225,0.001914941,0.005041174,0.000857462,0.001266964,-0.000984307,0.004394063,0.002120826,0.001891052,0.002045603,0.000641698,-0.009246217,0.001280179,-0.006928188,0.006300957,-0.009042754,0.012668838,-0.000641552,0.008731735,-0.005819506,0.001410398,0.009455517,0.005456527,0.006058135,-0.002015271,0.004603824,-0.013665944,0.013938639,0.012600955,0.011837272,0.008247209,0.019701846,-0.002922586,-0.009439542,0.005787642,-0.006327577,0.059834563,-0.017542069,0.009917316,0.00093416,0.996932934
-0.001996656,0.001612838,0.019076423,-0.013918091,-0.00862747,-0.004728951,0.019171939,0.025276309,-0.012178196,-0.00834038,0.011031878,0.003475538,-0.031088418,-0.004297436,-0.009709436,0.009119726,0.030997245,-0.01119686,-0.026241503,-0.004548516,0.00625705,-0.056646188,-0.006262254,0.037269717,-0.002341457,-0.01851727,-0.016487956,0.048397922,0.034130417,-0.038354253,0.015023105,-0.026532136,0.013012201,0.028779126,-0.017100673,-0.082365155,-0.08362469,-0.011535757,0.095976691,0.017524324,0.104232691,-0.143170487,0.004372482,-0.369661256,-0.002941625,-0.003547498,0.106302815,-0.073188927,-0.017520042,0.022038788,9.48E-05,-0.442860642,-0.223985622,0.378358257,-0.042126984,-0.061557645,-0.34402536,-0.348669338,-0.327988875,0.117556928,-0.027481543,0.084357494,0.080568367,0.004487686,0.02006101,0.040535904,-0.003036104,0.028746697
0.038187935,-0.018568416,0.011437485,-0.024900071,-0.005156176,0.014455502,-0.05684756,0.054897057,-0.022523439,-0.024686326,0.022406017,0.0142476,0.054583999,-0.018270056,-0.007640334,-0.105834331,-0.056734798,-0.021854545,0.041126402,0.047076818,0.006024943,0.019945647,0.009374604,-0.040753404,0.056352547,-0.046833562,0.055034883,0.01191095,0.070984214,0.114240238,0.090298874,0.005053324,-0.047656631,0.218102341,0.059440321,-0.061720852,-0.009980165,0.071930645,-0.193888266,0.097598563,-0.006359471,0.01567075,-0.305329571,0.072194183,-0.129786496,0.107683457,0.136842723,-0.033916932,0.391339906,0.313195404,0.158801082,-0.145866351,0.024357327,-0.227836789,0.329691726,0.112542589,-0.015066125,-0.333362073,0.142093849,0.067316883,-0.207318152,-0.092617416,-0.049340804,0.097719155,0.024192755,-0.023387626,0.000461114,-0.031744612
0.016692886,0.024201147,-0.003786867,-0.005084771,0.020871472,-0.009492435,-0.018939562,0.01763206,-0.025242444,0.010376882,0.003872107,0.027319752,-0.000876137,0.017214023,0.021943986,-0.000253886,0.021264743,-0.006942376,-0.003456406,-0.027161791,0.000327568,-0.017426966,0.042386584,0.00097223,0.005072255,-0.033106488,-0.057882391,0.011349888,-0.058958017,0.012463508,-0.058301149,-0.038077433,-0.041630948,-0.073415323,-0.035317623,-0.011660138,-0.112460861,-0.077923781,-0.047411174,0.068264227,-0.094477672,-0.069255819,-0.035076198,-0.08436306,0.079276531,-0.063686636,0.217530363,-0.023015008,0.186007906,-0.020685802,-0.002453425,0.565671542,0.181278494,0.355722401,0.019456512,-0.059593888,-0.101304419,-0.202783828,-0.075296155,0.125343061,0.165772388,-0.48248805,-0.07535702,0.082914069,0.021364685,-0.016266749,-0.00241214,0.011039516
0.000540888,-0.000831062,-0.000753044,-0.000251236,0.000510568,-0.013856556,-0.0047687,-0.00637442,-0.000256209,0.006819738,0.001023869,-0.008860737,-0.017036531,0.014717276,0.013697581,0.034237562,-0.003416492,0.021841817,0.010072397,0.010401713,0.001019244,-0.011772979,-0.007647921,-0.014983824,-0.014330726,-0.013877476,0.012153077,0.000215277,-0.012150089,0.013438105,-0.010411222,-0.013410509,0.01355851,0.004332532,0.01317722,0.007788209,-0.006636796,0.001211081,-0.004788412,0.002618332,-0.003789424,-0.009010387,-0.020028216,-0.005762268,0.006745484,-0.00801382,-0.011825071,0.003576976,-0.021368104,-0.009530278,-0.017876571,-0.019817528,-0.023601929,0.018387049,-0.004293364,-0.020319896,-0.008149976,0.040943038,0.014321947,-0.032245582,0.030087669,0.038959485,-0.004010887,0.11373424,0.818923684,-0.549395181,0.023724519,0.013412688
0.005978006,-0.023750103,-0.005220232,-0.053326279,0.025793965,-0.278711062,0.042058356,-0.164390395,0.113138956,0.077847959,0.013789159,-0.195687842,-0.289091761,0.167734931,0.223081994,0.396801668,-0.073386966,0.312712603,0.095345166,0.262378255,-0.015269048,-0.167970108,-0.235205111,-0.152937693,-0.12236855,-0.257307169,0.104065658,-0.044641875,-0.099330476,0.132628152,-0.006974669,0.004298818,0.132742725,0.065845684,0.132946109,-0.119111127,-0.083751305,0.114150831,-0.00166759,0.104231012,-0.038806894,-0.017858784,0.006375292,-0.024028701,-0.035838024,0.017847192,-0.032717688,-0.018293695,0.012287834,-0.005444037,-0.016046782,-0.005273351,0.018048237,0.025804571,0.04730315,-0.008046761,-0.005488913,0.019101972,0.038320361,-0.038595966,-0.003963677,-0.042011584,0.013831864,0.001916825,-0.051936551,0.03679227,-0.002152097,-0.001007629
0.000926946,0.016917612,-0.010393432,0.084416537,-0.027443058,0.067937949,-0.190433095,0.10487792,-0.250752011,0.0913502,-0.060918644,0.077098476,0.023384874,0.182217618,0.01270014,0.185271535,-0.007293171,0.088957736,0.070381721,-0.052387163,0.030905599,-0.069525329,0.188429327,-0.070010347,-0.184064892,0.059322868,0.052050595,0.164836186,-0.146089126,0.149676175,-0.29007685,-0.132010579,-0.037773021,-0.107331136,0.063696684,0.356581535,0.099790114,-0.104855564,-0.045279545,-0.135713865,-0.346604028,0.093601949,0.085569235,-0.262854441,-0.065192886,0.08099372,-0.07512679,0.110532444,-0.074073854,-0.004462804,0.035619401,-0.011768409,-0.091958469,-0.114708607,0.16903555,0.085748341,-0.096465821,-0.122992508,0.073358759,-0.020995436,-0.0188035,0.014307382,0.021835087,0.020545833,-0.020461783,0.010088353,0.000588129,-0.005575142
0.006025415,-0.023641547,0.000892245,-0.001853269,-0.021574951,-0.047192556,0.06426311,0.059583562,-0.036534236,-0.027914682,0.011300956,0.055177193,0.041757369,0.041669097,-0.039486737,-0.020476834,0.037939297,-0.092506752,-0.083059563,-0.047154884,0.007609902,0.028725813,-0.092427245,-0.006917064,0.017498484,-0.011075221,-0.033032482,-0.053385844,0.029645107,-0.174818711,0.018115191,-0.017647293,0.029007359,-0.078567134,0.080570774,-0.226938031,-0.039173182,0.29749804,0.365547691,0.116562536,0.162669044,0.30182498,0.406214732,-0.233559952,-0.153518622,-0.028877891,-0.067105974,0.209355146,-0.122988497,0.086433401,0.025525319,0.121174551,0.011232607,-0.129878725,0.247507507,0.076070158,-0.007883738,-0.199562468,0.156213009,0.010947206,0.006217577,-0.097446429,-0.03549541,0.055687705,0.024590112,-0.015598216,0.000217333,0.000850359
-0.000373349,-0.000916653,0.000193011,0.000329851,-0.001369924,0.000170606,0.000781681,-0.0013831,-0.000695466,-0.001288999,0.000910091,0.001147468,0.002277059,-0.00203662,-0.001337297,-0.001526646,-0.000655144,-0.001031771,0.001529849,-0.002739726,-0.001996129,0.000718475,-0.003054767,-0.000956928,0.001589951,-6.58E-05,0.001664813,-0.001591766,0.000627019,-9.38E-05,-0.001287795,0.002896774,0.007528427,0.001872855,-0.001154029,-0.000312155,-0.000558288,-0.011859795,0.001613003,0.012165845,-0.003108894,-0.010592852,0.008295098,0.001765558,-0.004227038,0.007290283,-0.00851953,0.008407492,0.006730333,-0.000808478,0.005652772,0.004044751,-0.014208415,0.003946924,-0.007323953,-0.004365762,0.006909736,-0.003120283,0.001721083,-0.020097607,-0.013210119,-0.012925616,0.000434367,0.009364592,0.041630717,0.106220253,0.992407908,-0.001869536
0.002736764,0.004114261,-0.003268525,-0.008745699,0.015133304,0.016977722,-0.022119178,0.020267713,0.002297846,0.01030592,-0.0052596,-0.002064778,0.003651656,0.010297453,0.042392551,-0.016733832,0.000326955,0.00115234,-0.004040443,0.037016092,0.032632277,-0.001745708,0.070920004,-0.016652246,-0.030388374,-0.014218013,0.008939522,-0.00076649,0.043273411,-0.005112484,0.079569491,-0.029081128,-0.112273271,-0.044418239,0.024153995,-0.069955342,0.022471655,0.16359112,-0.135955344,-0.218230606,-0.007648755,0.203218294,-0.177693677,0.032116725,0.123828495,-0.126519247,-0.009200584,-0.182450002,-0.293997419,0.007928639,-0.187506223,-0.210727509,0.52632276,0.095113357,0.278827036,0.08254202,-0.215549443,0.019285326,0.119539656,0.125903618,0.314734516,0.040380064,0.097523335,0.024650757,-0.005772005,0.0194375,0.03301508,-0.003850175
0.013568966,0.028086229,-0.017542439,0.023258889,0.030797053,0.007203963,0.006280488,-0.028269976,0.032855981,0.058724935,-0.045167373,-0.031730243,-0.019147939,0.00803427,-0.024571208,0.038257447,-0.002372194,-0.023067589,-0.001290703,-0.005146647,-0.000168218,-0.033279836,0.080903332,-0.002521668,-0.051821045,0.014109187,-0.023217331,-0.033712594,-0.12778519,0.04703884,-0.044466648,-0.042031876,-0.084165872,-0.159678037,-0.013717409,0.063995816,0.063741304,0.258777699,-0.04034453,-0.298155156,0.172406979,0.051500554,0.207013556,0.236384824,0.098325907,-0.104663467,0.43602906,-0.018668124,0.186098382,-0.097451621,-0.152820814,-0.197945272,-0.224019531,0.181409852,0.004246837,0.065899296,-0.004819918,-0.00518625,0.273749268,-0.305661548,-0.126196529,-0.175295971,0.01510172,0.026011934,-0.018581592,-0.011334467,0.000414061,-0.00210759
0.014750832,0.040028226,-0.00502933,0.004568118,0.026068725,-0.016845861,-0.025295366,0.004264605,0.005608852,0.013200186,-0.004077,-0.028944036,-0.081150241,0.035551325,0.011750948,0.046452836,0.05805741,0.040582334,-0.040061736,0.04934007,0.059115801,-0.055767682,0.065672287,0.006103307,-0.00709368,-0.011114783,-0.032032729,0.077817761,-0.051877969,0.023618615,-0.053632427,-0.076876536,-0.2143481,-0.020596983,-0.02355574,-0.012673546,-0.046273945,0.268421838,0.06227901,-0.204762986,0.191479448,0.09668121,-0.237454485,-0.255912677,-0.04015213,0.097249497,0.415651734,-0.128594596,-0.0590192,0.110515184,-0.074672521,0.245296103,-0.127518636,-0.287915951,-0.111711664,-0.016209431,0.18315315,0.104307155,-0.244470765,0.213413636,0.071948372,0.225715849,-0.102167916,-0.019562761,0.006503019,0.008979742,0.021648505,0.006796348
0.04582813,-0.032930727,-0.000670214,-0.020881841,-0.041494604,0.046465293,0.004435964,-0.071053429,-0.067430752,-0.022886331,-0.007250887,0.000520302,0.06639586,0.040900403,-0.079164347,0.108310259,-0.096716894,-0.062126254,0.035978019,-0.061266311,-0.072672618,0.052060535,-0.186834657,0.053656466,-0.059270755,0.058038989,-0.004886499,-0.149185532,-0.112360487,-0.080525537,0.320796037,-0.05606219,0.225980968,0.032701036,-0.116995192,0.191435583,0.036226588,0.056743314,0.220206305,-0.083394785,-0.256721062,-0.167299356,-0.034242415,0.0640779,0.198384472,-0.049732979,0.077425494,-0.117425636,-0.196031883,0.316938551,-0.315489341,0.075684717,-0.054243054,-0.054215392,0.21578136,-0.152406778,-0.031376913,-0.018018325,-0.11928538,-0.028215741,-0.220811591,-0.031739749,-0.174209987,0.01692781,-0.007871062,-0.004094329,-0.000270284,0.001235055
0.101660001,-0.085413254,0.235283328,-0.02291595,-0.14833502,0.358095001,-0.031991292,-0.114301258,0.193079563,0.434998637,0.276678377,-0.018126104,0.172111302,0.15989704,-0.200079489,-0.190587975,-0.045421982,0.073090316,-0.012576262,0.190595069,-0.000607921,-0.064747245,-0.159283162,0.01009208,-0.233765023,-0.04806068,-0.188598721,-0.148541394,0.042336199,0.083893828,-0.071482558,0.209298931,0.037011331,-0.130758649,0.028498744,-0.019899952,0.031952718,0.031424312,0.125375708,-0.01994043,-0.065183451,-0.034547324,-0.112408928,-0.046200785,-0.057765715,0.032928235,0.043641278,0.027795127,0.014131028,-0.070003438,0.063274029,0.004802015,-0.000974747,0.005993594,0.010293919,0.051220278,-0.014427665,0.013483655,0.012221496,5.95E-05,0.052062066,0.008144489,0.031739969,-0.000334615,0.003714313,0.000209634,0.000231839,-0.00066607
0.416662471,-0.030826423,-0.148084606,0.164184957,-0.076710317,-0.177191203,-0.10865765,-0.222687167,-0.20484756,0.041193396,-0.122111583,-0.221626421,0.104779414,0.134505021,-0.135663551,0.183300827,-0.270733577,-0.079705919,-0.04720365,0.023154379,-0.160255102,0.218780515,-0.074326521,0.160499024,0.275619734,0.217144196,-0.093223735,-0.099516899,0.132539423,0.235684034,-0.080814031,0.061224359,-0.049836418,0.029242436,-0.1475584,-0.055692629,-0.082429013,0.003340248,0.056560864,-0.003975797,-0.009246433,0.033640411,-0.026035013,-0.051998096,-0.047659002,-0.008149554,0.040110793,0.000192864,0.005754441,-0.082685311,0.061210923,-0.037688418,0.01060807,0.013495644,-0.033332483,0.056029213,-0.011112924,0.022252358,0.040527453,0.034142824,0.082700725,-0.003005933,0.055777746,0.001252569,0.003191814,0.002158259,0.000910509,5.39E-05
-0.074060118,-0.027470973,-0.048532752,-0.022684874,0.007089254,-0.033548699,0.062991036,-0.010083781,-0.002683636,-0.119340929,-0.088418856,0.079937868,0.003863804,-0.003109362,-0.020096723,0.084483852,0.021724894,-0.097797664,0.052515859,0.008691968,0.036586334,0.055204159,-0.134330547,-0.088133184,-0.028411588,0.027755825,0.075995408,-0.095265938,-0.030330696,-0.207902002,0.320585171,-0.070974601,0.315694257,-0.021600719,0.015110778,0.215582907,0.055144205,-0.040007359,0.240288715,-0.124666804,-0.151746038,0.141737886,-0.22587796,-0.080986012,-0.100580885,0.06421921,0.226105889,0.047379751,0.19328613,-0.193110083,0.290822321,-0.052692581,-0.006732054,0.028474379,-0.109666372,0.158422897,0.028832637,0.020135023,0.12301442,0.03492354,0.298222833,0.032160845,0.19346658,-0.001063048,0.002246464,0.011089469,0.001902559,-0.000738605
-0.003003571,0.010745467,0.038467895,-0.018345895,-0.004799316,0.031369851,-0.014286929,0.030379908,-0.012588418,0.056774862,0.051511677,0.013858126,-0.015417076,0.009317573,-0.015688094,0.003126091,-0.008412323,0.026485974,-0.031811702,-0.085234311,-0.036717127,-0.053228187,0.016568494,0.062906196,0.007607771,-0.063691298,0.019169886,-0.027899325,-0.054978684,0.052754449,0.073520944,-0.031697926,-0.051616733,0.070093493,-0.052994203,-0.028197525,-0.015895497,0.050706231,-0.0375217,0.076601391,-0.000904626,-0.144518375,0.114101582,-0.050821297,0.242660174,-0.01752343,-0.127720907,-0.153161998,-0.024854585,0.460798105,0.015206765,0.034640374,-0.265599632,-0.131119079,-0.312860149,0.354740736,-0.172134718,0.064885218,0.246189022,0.062614285,0.341282919,-0.129363766,0.198079011,0.017575259,-0.017714947,-0.012797026,0.002244892,-0.00068171
0.329297144,-0.016854086,-0.110225985,0.062381147,-0.059150947,0.141573959,0.093458527,0.007300447,-0.299739262,-0.050028653,0.110212401,-0.330994873,-0.175839165,-0.049836846,0.006052773,0.058309607,0.343158089,-0.112706605,-0.293697655,0.060874649,-0.046174922,0.024175086,-0.048369639,-0.257841034,-0.073975625,0.013168992,-0.087330286,0.020504319,-5.75E-06,-0.267114177,-0.003961598,0.134713091,-0.090921946,-0.009116253,0.363917792,0.088375194,0.099028928,-0.069444571,-0.031107587,0.023928052,0.018251674,-0.11084243,-0.032831038,0.035850178,0.100684022,-0.029362403,0.017891659,0.001066794,0.017257449,0.0617118,0.023556716,-0.005465467,0.011554432,-0.003600296,0.003857459,0.002402584,0.012902016,-0.013308974,0.019427396,-0.007963243,8.35E-05,0.008737298,0.003371424,0.006571136,-0.001385091,0.002229756,4.11E-05,-0.000354031
0.167649746,-0.070165318,-0.022606644,-0.056801673,-0.00539196,0.16602102,0.10589667,-0.221763084,-0.132733316,-0.101698034,0.181525216,-0.140881726,0.092933379,-0.059310402,0.174196894,-0.011886112,-0.248770447,-0.088394554,0.183664187,0.066267541,0.000610687,-0.13209646,0.056171297,0.105037571,-0.157603961,0.066132847,-0.205591791,0.356097477,-0.302846666,-0.31726074,-0.045303986,-0.194764988,0.200141277,0.013602902,-0.238862141,-0.1273986,-0.005681403,0.049537384,-0.188714759,0.07836158,0.088374973,0.054075888,-0.030102299,0.000964562,-0.07314705,0.014210383,-0.026613636,0.011213379,-0.01635094,-0.013030391,0.043428018,-0.010114718,-0.007507123,-0.014003389,0.001560477,0.046352175,0.004652025,0.015209962,0.025464719,-0.000587565,0.009626098,-0.00789239,-0.003533521,-0.00699652,-0.000582138,-0.001030148,-0.000212546,0.000232616
-0.110416988,-0.036205921,0.011842103,0.025474149,0.00946673,0.024514412,0.027927354,-0.091356524,0.094378621,-0.224775931,-0.087206106,-0.087096336,0.113973114,-0.081400489,0.176226286,-0.126329459,-0.178745809,0.060052021,0.379103533,0.292648804,0.09795095,0.196891987,0.105464395,-0.032168212,0.05685226,0.189253514,-0.051134459,0.048715603,0.156343173,-0.067831629,-0.30494266,0.104559803,0.038260834,0.011701954,0.393736813,-0.040828384,0.064303293,-0.047028352,0.271254956,-0.086178511,-0.055247833,-0.076042893,-0.016715034,0.022450132,0.176093348,-0.06103751,0.065467002,0.000845118,-0.008266252,0.14856781,-0.04037708,0.035273696,-0.077886515,0.009709863,0.003665403,0.009873218,-0.041826288,-0.007205741,0.033165013,0.032919151,0.049347373,0.003921383,0.00628074,0.010970109,-0.001158182,0.004930176,0.000411218,0.000847996
-0.012067178,-0.012372519,0.004727911,-0.012849859,0.011764394,-0.062127346,0.006154173,0.006962437,0.022530182,0.018383814,-0.030152415,0.050217066,0.025249702,0.04513185,-0.018281191,-0.011178079,-0.115055018,-0.01406881,-0.056814732,-0.012605907,-0.039465327,-0.033330684,-0.02433022,-0.018918051,0.000180061,0.01845641,-0.051559938,-0.017415593,-0.043243307,-0.040479178,-0.013873333,-0.013639167,-0.079262561,-0.018789962,0.010862625,0.018126705,0.053924953,0.036151639,-0.041014696,0.068790593,-0.026673578,-0.011922752,-0.035535241,-0.08206704,0.026515534,0.034286188,-0.004173993,-0.140149043,-0.006069519,0.203478159,0.120582501,0.23945039,0.083695636,0.357154229,-0.086010061,-0.170245918,0.10640313,-0.25942969,0.390494262,-0.224419883,-0.009268059,0.576587732,-0.047743124,-0.106682929,-0.000963469,0.01853607,-0.001841185,0.001684136
0.16272062,-0.028131881,-0.009994927,-0.050559511,-0.018307487,0.142691022,0.346375926,0.137828411,-0.193091178,-0.041789197,0.178681114,-0.120480364,0.001776255,-0.291390129,-0.015143497,-0.021071538,0.326544713,0.270730726,0.213851707,0.129904112,-0.062740366,0.18252606,0.154450407,0.099141109,-0.038143751,-0.025649119,0.15754707,0.033357924,0.081650406,0.359114619,0.097886974,-0.074285059,0.124520955,-0.042119887,-0.202249725,-0.071526128,-0.094055083,0.018939481,0.121755068,-0.066520592,-0.081017867,0.064839344,0.066068043,-0.005749069,-0.061642697,0.051660514,-5.10E-05,-0.018693644,0.033143163,0.005697937,-0.040736694,0.069566166,0.006927988,0.063938393,-0.004121563,-0.012302475,0.002063287,-0.041363935,0.075067793,-0.036957358,0.015481575,0.109771576,0.00126991,-0.020426182,0.000862584,0.001224241,-0.000726,-0.000376214
0.13378132,-0.100296349,-0.012076121,-0.06973166,0.062988526,-0.227902298,0.381991791,0.155405295,-0.033691675,0.202966961,-0.017929836,0.200024057,0.060823812,-0.136122592,-0.214431389,0.019725883,-0.232171849,0.220725383,-0.12109487,-0.028797441,-0.18340961,-0.116193478,0.047889064,0.296985968,0.014885994,0.070141671,0.049930913,0.103893183,-0.126243663,-0.010358405,-0.019632151,-0.068103217,0.070011061,-0.091847826,0.391533879,0.128325844,0.170164936,-0.055339378,0.006933821,0.143665921,0.143329316,0.031450945,-0.11937755,0.036399757,0.040421948,-0.041099329,0.064336413,0.028184139,-0.036617353,0.00933933,-0.01080575,-0.026596585,0.043732339,-0.028765159,0.002320834,0.009897387,-0.003990644,0.021283751,-0.059499402,0.036746408,0.002292909,-0.050291596,0.007620725,0.017535457,-0.000813765,0.004315569,0.001273645,-0.000268995
-0.075904608,0.080408376,0.053134548,-0.014382656,-0.033354113,0.23175366,-0.336780953,-0.034340139,0.054468344,-0.093586773,0.087305663,-0.154947433,-0.123548221,0.092433355,0.135382555,0.081255066,0.079209497,-0.109982557,-0.04807902,-0.060600694,0.056453558,0.068475667,-0.05554576,0.461259401,0.108257574,-0.140953688,-0.091289169,0.232910796,0.034511763,0.287019621,0.229114098,-0.144890814,0.143335539,-0.115515231,0.305169485,0.029982434,0.167366842,-0.096226583,0.052837142,0.127159566,0.123877516,0.097305361,0.008925865,0.035393055,-0.00884874,-0.022632872,0.059553478,0.025001255,-0.012090619,-0.005011554,-0.033068371,0.03343471,0.022010465,0.045020977,-0.01661279,-0.002327294,0.004206956,-0.014443483,0.030724708,-0.000690839,-0.00703594,0.048819307,-0.007523102,-2.73E-07,-0.000387853,0.005337404,0.000713861,0.000291908
-0.023366571,-0.016923973,0.034522345,0.052713561,0.012806503,-0.002414312,0.033632312,-0.022838063,-0.040366372,-0.008367723,0.00442347,0.037192423,-0.011740661,0.038954771,0.046297865,0.009051887,-0.005196038,0.017975715,0.035805121,-0.023629876,0.004652626,0.027341856,0.00082543,0.006553225,-0.011086651,0.008570287,-0.040437635,-0.042512293,0.013030036,-0.000880864,0.027992966,-0.041937838,-0.075188542,-0.033223868,0.009817532,-0.023310739,-0.075087401,-0.044630991,0.005146843,0.053490435,-0.036696011,0.01522693,0.054283981,-0.019923007,0.120567181,0.094725425,0.065803263,0.109644615,-0.00292619,0.159411584,0.046521448,0.000146577,0.198684322,0.248626336,0.10231516,0.664379812,0.280064028,0.076371848,-0.384204563,-0.267456383,-0.130431467,0.099406417,0.031432964,-0.043860292,0.016044722,-0.009817461,-0.00216294,-0.003870572
-0.303751975,-0.139706287,0.077279557,0.358330132,-0.022768461,0.137564608,0.259506076,-0.299976441,-0.214364521,-0.007385988,0.034812113,0.115448032,-0.158088859,0.125273719,0.091972919,0.172432175,-0.044520579,0.008642499,0.022379935,-0.192632769,-0.004302444,0.044285798,0.032793768,0.11621291,-0.287033515,0.163652328,0.08292071,-0.023339465,0.255650305,-0.023228269,0.0482937,0.015429983,-0.202246159,-0.155655624,0.009621452,0.031690228,-0.163252284,0.016376576,0.046462234,0.17079251,0.082526934,-0.047195722,-0.078435988,0.154747143,-0.093882379,0.021601009,0.036715866,-0.05760769,0.000249697,0.020070773,0.029642522,-0.032820503,0.007885436,-0.039383661,-0.024232396,-0.065384842,-0.036249244,-0.046811753,0.054898353,0.042969189,0.018168556,-0.025171873,-0.020624198,0.014540786,-0.000496409,0.001449398,-0.000158544,0.000615912
-0.049901962,0.077553113,0.120421565,0.229798023,0.030188247,0.092997473,0.112042046,-0.134578213,-0.165129984,0.193625444,-0.158000877,0.162023858,0.014823828,0.137257177,-0.023886528,0.089233629,0.179102711,0.160396724,0.124188095,0.194029211,0.30555443,0.179204945,0.197284003,0.078819724,0.3646208,-0.082932333,-0.159189896,-0.192751147,-0.364332872,-0.138656799,0.16431487,0.105956962,0.008387885,0.077053027,0.026405477,-0.073065839,0.120773191,-0.060057491,-0.12255999,0.060093886,0.05198711,-0.03716941,0.050981817,-0.051988959,-0.041911094,-0.003073061,-0.000335939,-0.031081608,-0.03135112,-0.017662585,0.012036579,-0.014526663,0.001298347,-0.022838827,0.022468769,-0.034320522,-0.002404293,-0.020904032,0.018905962,0.018563989,-0.015730994,0.008433809,-0.007557526,0.00520596,0.001975151,-0.001314768,0.000105241,0.000776043
0.087559481,0.170074477,-0.00836291,-0.06829098,0.006545808,0.065812393,-0.153463708,0.009386693,-0.003325443,-0.13591587,-0.075839786,-0.094503832,0.11827364,-0.156964382,-0.054980961,-0.007311788,-0.062895216,-0.021429846,0.134702681,0.175516122,0.057710513,-0.111534358,0.149167024,-0.037130867,0.004861706,-0.002080896,0.129306362,-0.27701439,0.043394348,-0.015214611,0.078079551,0.046592196,0.077532231,-0.353819997,0.050514572,0.383040976,-0.263810913,0.235680103,-0.19306355,0.361513989,0.186020525,-0.113879822,-0.020434654,-0.046905485,-0.069322159,-0.037802438,-0.024722212,-0.004979609,-0.130863411,-0.049177989,0.012565358,0.015435747,-0.039914958,-0.002688175,0.040986628,0.058861065,-0.004217195,-0.005841693,0.001470282,0.024027921,0.010257423,0.026620135,-0.017392315,0.003189771,-0.007988133,0.003492654,-0.000359868,-0.000534203
-0.017896772,-0.165077298,-0.124662552,0.041063399,0.025393108,0.094767297,-0.120844576,-0.015963008,0.0774163,-0.021099987,-0.065370115,-0.007127551,-0.036406571,-0.151738535,-0.052407706,-0.018139368,-0.046035968,0.058148289,-0.084697186,0.134341247,-0.049130293,-0.032727233,-0.050327009,0.033631372,0.078807799,-0.041790878,0.102780384,0.069919966,-0.061290373,-0.063236501,-0.067317734,0.042566029,-0.008915065,-0.057830491,-0.011061161,0.054970173,0.05937738,-0.083360062,0.070866987,-0.06891188,-0.033854047,-0.155820407,0.32536212,0.162885442,-0.348856041,0.435444457,0.180914289,-0.355693433,-0.219567314,0.121305024,0.164371365,-0.068084818,0.201972249,-7.85E-05,-0.062048243,0.009767609,0.014575494,-0.045776628,-0.022308892,0.036686271,0.022242162,-0.126486282,-0.026283961,0.026288814,0.020854087,-0.013234407,-0.002374636,0.000309862
0.083241973,0.679489434,0.432798562,-0.106667797,-0.213156318,-0.205216493,0.189727055,-0.037855126,-0.087760658,0.0536719,-0.036103107,-0.068560635,-0.050824366,0.11548178,0.065871455,-0.131519864,-0.01590425,-0.087211814,0.051256608,-0.065598216,-0.034570487,-0.014506904,-0.005614354,-0.035857089,-0.03430405,0.071982191,-0.040148564,0.059540135,0.065632373,-0.000307422,-0.016841886,-0.102128371,0.020434024,0.047327428,0.040698672,0.049345611,-0.00461545,-0.051357142,0.0674212,-0.037416814,-0.026079297,-0.033058225,0.081374133,0.128142364,-0.130932683,0.118781932,0.059463697,-0.125659746,-0.079228707,0.020804473,0.062330351,-0.027612151,0.062594154,-0.014610494,-0.031411799,0.001675618,-0.007214171,-0.025733973,-6.57E-05,0.011324687,0.010739589,-0.032234176,-0.011653932,0.009892691,0.006613283,-0.001466177,-0.000397054,-1.36E-05
0.093685709,-0.052769602,-0.088942589,-0.186397236,0.110181512,-0.061453921,0.056138479,0.339343084,0.161476878,0.214617523,-0.081244702,-0.335722937,0.108185863,0.175250624,0.229896127,0.20510514,-0.043699811,-0.058614216,0.061234136,-0.13625332,0.244201514,-0.009594364,0.317777685,0.177393659,-0.234047694,0.157771108,0.010324564,-0.168700595,0.119293949,-0.130781599,0.143696049,0.142797917,-0.055262227,0.014700348,-0.087770066,-0.086244354,0.122699267,-0.143927736,0.06216655,0.035866109,0.034207517,-0.064678363,0.02560995,0.002824789,-0.075196629,0.069599064,0.045075913,-0.027568005,0.002438389,0.026131483,0.026243102,0.00750489,0.017038678,-0.016627749,0.019774093,-0.002814858,0.022461632,-0.002509349,0.015219955,0.005326564,-0.013176074,-0.016527183,-0.003420598,0.004794613,0.005221662,-0.003063598,3.35E-05,0.00073706
0.03024079,-0.234250895,-0.08464367,0.002739294,0.113439486,-0.122507122,0.113196116,0.036991703,0.029059354,0.141558869,0.134408377,0.042228273,0.107882175,0.168648829,0.224644263,-0.126979383,0.144981765,-0.137384579,0.148193859,-0.306922684,-0.012272738,0.159469771,0.020890816,-0.151604615,0.071501951,-0.090615841,-0.286118404,0.016762158,-0.047567508,0.197322392,-0.099531448,-0.0205427,0.204860803,0.249369685,0.148657864,0.305734396,-0.18406728,0.226353321,0.001162846,0.043034689,0.115369481,-0.09784883,0.029282144,0.105161269,-0.067382805,0.042056147,0.019620782,-0.1021976,-0.148685705,-0.079218444,0.043330714,0.00385535,0.02822009,0.021071282,-0.027606833,0.022290652,-0.008041194,-0.037448545,-0.020715946,0.034773484,0.025071039,0.017832725,0.004234495,-0.002518993,-0.005095481,0.003491839,0.000852068,0.000271094
-0.000148088,-0.020365821,-0.006128643,-0.057388883,-0.069603219,-0.013094514,-0.013823167,-0.025722335,-0.022163835,-0.026726564,-0.005440495,0.009108893,-0.000158152,-0.015619093,-0.007018802,-0.012602592,-0.002919809,0.022226251,-0.016033332,0.008814452,0.019656242,-0.016085349,0.045479751,0.004847843,-0.006804985,0.005617083,-0.076049399,-0.111482098,0.021540675,0.01339547,0.048792336,-0.052041367,-0.032551406,0.072293359,0.036689455,-0.062325649,-0.07369225,0.034820847,-0.115075037,0.046688736,-0.034491544,0.119769304,-0.076284398,0.125049958,0.294808259,0.65429371,0.119559531,0.497486235,-0.219647045,0.018300468,-0.047864606,-0.046723356,-0.071154126,0.096109705,-0.057158607,-0.15027595,-0.053083835,-0.027353109,0.080024644,0.066781412,0.059430967,-0.046801813,0.001939121,-0.013984074,-0.00860341,-0.001097517,-0.003068269,-0.0026123
0.184076222,0.170120501,0.216175126,0.310516131,0.665687917,-0.098269642,-0.093377959,0.107446012,0.090077929,-0.150668068,0.415647928,0.06627344,0.058555836,0.111770773,-0.083428124,0.072022323,-0.043926783,-0.003012907,-0.0126121,0.064652431,0.000204822,0.126335736,-0.017354841,-0.004214863,-0.031185803,-0.009768425,0.130908966,0.091640849,-0.008363546,-0.073367527,0.017106895,0.10231174,-0.005135804,-0.020139973,-0.041563278,0.023335207,-0.002807207,-0.015405293,0.041468869,-0.011329325,-0.002331843,-0.015478538,-0.008803491,0.033165252,0.035197229,0.0745436,0.014492087,0.053227553,-0.032305984,0.007115268,0.002367433,-0.023728687,-0.003045884,0.015088433,-0.00688118,-0.024715419,-0.006340197,-0.00947969,0.023892687,0.008409397,0.007974275,-0.009355742,0.001422096,-0.001829969,-0.001926896,-0.000334888,-0.000196165,-0.000389229
0.006887073,-0.066779541,-0.005246109,-0.158806392,-0.257192427,-0.299906835,-0.201217946,-0.153954086,-0.027306081,-0.375222211,0.399032594,0.183998286,0.020160886,0.041061254,-0.233625913,0.140205063,0.133599614,0.128243266,-0.005438461,-0.0162128,0.040952901,-0.064018861,0.309703116,0.129527388,-0.180021384,0.028586096,-0.194058656,-0.223946263,-0.018225646,-0.026598787,-0.028293054,0.057874636,0.006656288,0.141941487,0.051666648,-0.034713312,0.062500807,-0.041413759,0.034871052,-0.031904515,0.018266635,-0.035767987,0.037152707,0.0569423,-0.069801226,-0.048270486,0.030913208,-0.09363021,-7.56E-05,-0.033986915,0.033265799,-0.001810243,0.029829623,-0.011477153,0.000166813,0.02966782,0.009614886,-0.017357276,0.001414311,-0.003469789,0.002181573,0.007755678,-0.000593988,0.002786114,0.000890991,-0.000467464,0.000245086,0.000823267
-0.066470072,-0.11136755,-0.015039349,-0.225667022,-0.323941226,-0.161217228,-0.010423093,0.02585118,-0.039414276,0.058019524,0.249363836,0.01644154,0.01884791,0.274643393,0.088861142,-0.063643698,-0.062111066,-0.011512963,-0.007723741,0.062034856,-0.021404141,0.370713957,0.041463064,-0.036981756,0.158892855,-0.111835973,0.377505372,0.297752538,-0.142339567,-0.134373374,0.062064972,0.238463239,-0.135758493,-0.222573784,-0.117720174,0.129049421,-0.044688338,-0.006447877,0.043417447,0.02560279,0.088479963,-0.03858004,-0.041583862,0.022223863,0.072837324,0.016046843,0.01082167,0.066927441,-0.002054471,0.024573495,-0.005653905,-0.032136304,-0.002914717,0.029886988,0.003101562,-0.008893062,0.013982897,0.001613717,0.011933292,0.020457924,-0.008747085,-0.011006233,-0.002499684,0.00178315,0.000701908,0.00110235,-0.000471038,-0.000126141
